[{"image": "IMG_20230422_193418.jpg", "annotations": [{"label": "fingerprint", "coordinates": {"x": 827.9074074074078, "y": 1507.7962962962965, "width": 207.0, "height": 411.0}}, {"label": "fingerprint", "coordinates": {"x": 1016.9074074074078, "y": 909.2962962962965, "width": 333.0, "height": 370.0000000000001}}, {"label": "fingerprint", "coordinates": {"x": 1364.9074074074078, "y": 676.2962962962964, "width": 385.0, "height": 413.99999999999994}}, {"label": "fingerprint", "coordinates": {"x": 1752.4074074074078, "y": 798.2962962962964, "width": 396.0, "height": 274.0}}, {"label": "fingerprint", "coordinates": {"x": 2474.407407407408, "y": 2040.7962962962965, "width": 418.0, "height": 493.0}}]}]