[{"image": "IMG_20230422_193445(1).jpg", "annotations": [{"label": "fingerprint", "coordinates": {"x": 801.9074074074078, "y": 1626.2962962962965, "width": 311.0, "height": 434.0}}, {"label": "fingerprint", "coordinates": {"x": 1033.4074074074078, "y": 946.2962962962965, "width": 418.0, "height": 422.0000000000001}}, {"label": "fingerprint", "coordinates": {"x": 1411.4074074074078, "y": 617.2962962962964, "width": 344.0, "height": 495.99999999999994}}, {"label": "fingerprint", "coordinates": {"x": 1801.9074074074078, "y": 737.2962962962964, "width": 467.0, "height": 412.0}}, {"label": "fingerprint", "coordinates": {"x": 2594.907407407408, "y": 2200.2962962962965, "width": 393.0, "height": 486.0}}]}]