[{"image": "IMG_20230422_193307(1).jpg", "annotations": [{"label": "fingerprint", "coordinates": {"x": 814.9074074074078, "y": 1407.2962962962965, "width": 285.0, "height": 500.0}}, {"label": "fingerprint", "coordinates": {"x": 1077.9074074074078, "y": 672.2962962962964, "width": 337.0, "height": 481.99999999999994}}, {"label": "fingerprint", "coordinates": {"x": 1507.4074074074078, "y": 437.2962962962964, "width": 322.0, "height": 544.0}}, {"label": "fingerprint", "coordinates": {"x": 1853.9074074074078, "y": 620.7962962962964, "width": 349.0, "height": 428.99999999999994}}, {"label": "fingerprint", "coordinates": {"x": 2561.407407407408, "y": 2153.7962962962965, "width": 482.0, "height": 593.0}}]}]