[{"image": "IMG_20230422_193222__02(1).jpg", "annotations": [{"label": "fingerprint", "coordinates": {"x": 1085.4074074074078, "y": 2878.2962962962965, "width": 292.0, "height": 530.0}}, {"label": "fingerprint", "coordinates": {"x": 1450.4074074074078, "y": 3556.2962962962965, "width": 274.0, "height": 500.0}}, {"label": "fingerprint", "coordinates": {"x": 1922.4074074074078, "y": 3814.7962962962965, "width": 352.0, "height": 515.0}}, {"label": "fingerprint", "coordinates": {"x": 2226.407407407408, "y": 3609.2962962962965, "width": 278.0, "height": 452.0}}, {"label": "fingerprint", "coordinates": {"x": 2629.907407407408, "y": 2253.7962962962965, "width": 419.0, "height": 459.0}}]}]