[{"image": "IMG_20230422_193408(1).jpg", "annotations": [{"label": "fingerprint", "coordinates": {"x": 1079.9074074074078, "y": 2089.2962962962965, "width": 193.0, "height": 552.0}}, {"label": "fingerprint", "coordinates": {"x": 1494.9074074074078, "y": 667.2962962962964, "width": 207.0, "height": 425.99999999999994}}, {"label": "fingerprint", "coordinates": {"x": 1781.4074074074078, "y": 461.2962962962964, "width": 322.0, "height": 422.0}}, {"label": "fingerprint", "coordinates": {"x": 2166.907407407408, "y": 698.7962962962964, "width": 293.0, "height": 458.99999999999994}}, {"label": "fingerprint", "coordinates": {"x": 2468.907407407408, "y": 1296.7962962962965, "width": 311.0, "height": 411.0}}]}]