[{"image": "IMG_20230422_193307.jpg", "annotations": [{"label": "fingerprint", "coordinates": {"x": 807.9074074074078, "y": 1392.7962962962965, "width": 337.0, "height": 471.0}}, {"label": "fingerprint", "coordinates": {"x": 1101.9074074074078, "y": 666.7962962962964, "width": 393.0, "height": 454.99999999999994}}, {"label": "fingerprint", "coordinates": {"x": 1503.9074074074078, "y": 415.2962962962964, "width": 293.0, "height": 492.0}}, {"label": "fingerprint", "coordinates": {"x": 1879.9074074074078, "y": 646.7962962962964, "width": 415.0, "height": 444.99999999999994}}, {"label": "fingerprint", "coordinates": {"x": 2540.907407407408, "y": 2150.2962962962965, "width": 389.0, "height": 548.0}}]}]