[{"image": "IMG_20230422_193401.jpg", "annotations": [{"label": "fingerprint", "coordinates": {"x": 1729.9074074074078, "y": 1929.7962962962965, "width": 323.0, "height": 181.0}}, {"label": "fingerprint", "coordinates": {"x": 2735.407407407408, "y": 2285.2962962962965, "width": 312.0, "height": 182.0}}, {"label": "fingerprint", "coordinates": {"x": 2918.907407407408, "y": 2500.2962962962965, "width": 263.0, "height": 160.0}}, {"label": "fingerprint", "coordinates": {"x": 2835.407407407408, "y": 2753.7962962962965, "width": 288.0, "height": 207.0}}, {"label": "fingerprint", "coordinates": {"x": 2542.907407407408, "y": 2974.2962962962965, "width": 281.0, "height": 130.0}}]}]