[{"image": "IMG_20230422_194603.jpg", "annotations": [{"label": "fingerprint", "coordinates": {"x": 546.4074074074078, "y": 1777.7962962962965, "width": 348.0, "height": 389.0}}, {"label": "fingerprint", "coordinates": {"x": 824.4074074074078, "y": 1037.2962962962965, "width": 430.0, "height": 440.0000000000001}}, {"label": "fingerprint", "coordinates": {"x": 1312.9074074074078, "y": 640.7962962962964, "width": 407.0, "height": 492.99999999999994}}, {"label": "fingerprint", "coordinates": {"x": 2155.907407407408, "y": 674.2962962962965, "width": 315.0, "height": 514.0}}, {"label": "fingerprint", "coordinates": {"x": 3022.407407407408, "y": 1892.7962962962965, "width": 278.0, "height": 271.0}}]}]