[{"image": "IMG_20230422_193418(1).jpg", "annotations": [{"label": "fingerprint", "coordinates": {"x": 833.4074074074078, "y": 1511.2962962962965, "width": 248.0, "height": 396.0}}, {"label": "fingerprint", "coordinates": {"x": 1035.4074074074078, "y": 909.2962962962965, "width": 334.0, "height": 326.0000000000001}}, {"label": "fingerprint", "coordinates": {"x": 1370.4074074074078, "y": 656.2962962962964, "width": 396.0, "height": 425.99999999999994}}, {"label": "fingerprint", "coordinates": {"x": 1722.4074074074078, "y": 824.2962962962964, "width": 412.0, "height": 334.0}}, {"label": "fingerprint", "coordinates": {"x": 2464.907407407408, "y": 2037.2962962962965, "width": 407.0, "height": 612.0}}]}]