[{"image": "IMG_20230422_193222__01(1).jpg", "annotations": [{"label": "fingerprint", "coordinates": {"x": 575.0, "y": 1886.0625, "width": 338.0, "height": 494.0}}, {"label": "fingerprint", "coordinates": {"x": 1206.5, "y": 594.0625, "width": 175.0, "height": 528.0}}, {"label": "fingerprint", "coordinates": {"x": 1487.5, "y": 427.0625, "width": 343.0, "height": 444.0}}, {"label": "fingerprint", "coordinates": {"x": 1934.5, "y": 795.5625, "width": 213.0, "height": 475.0}}, {"label": "fingerprint", "coordinates": {"x": 2225.5, "y": 1486.0625, "width": 275.0, "height": 506.0}}]}]