[{"image": "IMG_20230422_194743.jpg", "annotations": [{"label": "fingerprint", "coordinates": {"x": 2077.907407407408, "y": 1709.2962962962965, "width": 537.0, "height": 326.0}}, {"label": "fingerprint", "coordinates": {"x": 686.9074074074078, "y": 2590.7962962962965, "width": 415.0, "height": 281.0}}, {"label": "fingerprint", "coordinates": {"x": 446.40740740740785, "y": 2840.7962962962965, "width": 466.0, "height": 181.0}}, {"label": "fingerprint", "coordinates": {"x": 657.9074074074078, "y": 3120.7962962962965, "width": 415.0, "height": 171.0}}, {"label": "fingerprint", "coordinates": {"x": 1131.4074074074078, "y": 3396.7962962962965, "width": 400.0, "height": 159.0}}]}]