[{"image": "IMG_20230422_193327(1).jpg", "annotations": [{"label": "fingerprint", "coordinates": {"x": 1901.9074074074078, "y": 2272.7962962962965, "width": 467.0, "height": 193.0}}, {"label": "fingerprint", "coordinates": {"x": 550.4074074074078, "y": 2614.7962962962965, "width": 370.0, "height": 263.0}}, {"label": "fingerprint", "coordinates": {"x": 278.40740740740785, "y": 2902.2962962962965, "width": 448.0, "height": 318.0}}, {"label": "fingerprint", "coordinates": {"x": 385.40740740740785, "y": 3207.7962962962965, "width": 388.0, "height": 293.0}}, {"label": "fingerprint", "coordinates": {"x": 822.4074074074078, "y": 3452.2962962962965, "width": 440.0, "height": 278.0}}]}]