[{"image": "IMG_20230422_194313.jpg", "annotations": [{"label": "fingerprint", "coordinates": {"x": 378.40740740740785, "y": 2807.7962962962965, "width": 500.0, "height": 345.0}}, {"label": "fingerprint", "coordinates": {"x": 1218.9074074074078, "y": 1181.7962962962965, "width": 263.0, "height": 307.0}}, {"label": "fingerprint", "coordinates": {"x": 1603.9074074074078, "y": 1055.7962962962965, "width": 375.0, "height": 329.0000000000001}}, {"label": "fingerprint", "coordinates": {"x": 2083.407407407408, "y": 1292.7962962962965, "width": 282.0, "height": 337.0}}, {"label": "fingerprint", "coordinates": {"x": 2637.407407407408, "y": 1751.7962962962965, "width": 234.0, "height": 411.0}}]}]