[{"image": "IMG_20230422_194743__01.jpg", "annotations": [{"label": "fingerprint", "coordinates": {"x": 2807.907407407408, "y": 2026.2962962962965, "width": 433.0, "height": 286.0}}, {"label": "fingerprint", "coordinates": {"x": 3050.407407407408, "y": 1757.7962962962965, "width": 526.0, "height": 297.0}}, {"label": "fingerprint", "coordinates": {"x": 2816.907407407408, "y": 1487.2962962962965, "width": 475.0, "height": 282.0}}, {"label": "fingerprint", "coordinates": {"x": 2392.907407407408, "y": 1198.2962962962965, "width": 477.0, "height": 282.0}}, {"label": "fingerprint", "coordinates": {"x": 1394.9074074074078, "y": 2815.2962962962965, "width": 459.0, "height": 374.0}}]}]