[{"image": "IMG_20230422_193222.jpg", "annotations": [{"label": "fingerprint", "coordinates": {"x": 809.4074074074078, "y": 2383.7962962962965, "width": 378.0, "height": 467.0}}, {"label": "fingerprint", "coordinates": {"x": 1265.4074074074078, "y": 1011.2962962962965, "width": 222.0, "height": 448.0000000000001}}, {"label": "fingerprint", "coordinates": {"x": 1528.4074074074078, "y": 796.2962962962964, "width": 326.0, "height": 448.0}}, {"label": "fingerprint", "coordinates": {"x": 2016.9074074074078, "y": 1089.2962962962965, "width": 311.0, "height": 492.0000000000001}}, {"label": "fingerprint", "coordinates": {"x": 2357.907407407408, "y": 1730.2962962962965, "width": 333.0, "height": 500.0}}]}]