[{"image": "IMG_20230422_193401(1).jpg", "annotations": [{"label": "fingerprint", "coordinates": {"x": 1738.9074074074078, "y": 1951.7962962962965, "width": 259.0, "height": 159.0}}, {"label": "fingerprint", "coordinates": {"x": 2740.907407407408, "y": 2303.7962962962965, "width": 277.0, "height": 219.0}}, {"label": "fingerprint", "coordinates": {"x": 2924.407407407408, "y": 2502.2962962962965, "width": 282.0, "height": 192.0}}, {"label": "fingerprint", "coordinates": {"x": 2853.907407407408, "y": 2752.2962962962965, "width": 341.0, "height": 174.0}}, {"label": "fingerprint", "coordinates": {"x": 2511.407407407408, "y": 2994.2962962962965, "width": 278.0, "height": 126.0}}]}]