[{"image": "IMG_20230422_194337.jpg", "annotations": [{"label": "fingerprint", "coordinates": {"x": 809.4074074074078, "y": 1438.7962962962965, "width": 370.0, "height": 311.0}}, {"label": "fingerprint", "coordinates": {"x": 2653.907407407408, "y": 1646.2962962962965, "width": 407.0, "height": 200.0}}, {"label": "fingerprint", "coordinates": {"x": 2959.407407407408, "y": 1981.7962962962965, "width": 352.0, "height": 197.0}}, {"label": "fingerprint", "coordinates": {"x": 3027.907407407408, "y": 2461.2962962962965, "width": 393.0, "height": 208.0}}, {"label": "fingerprint", "coordinates": {"x": 2712.907407407408, "y": 3259.7962962962965, "width": 363.0, "height": 263.0}}]}]