[{"image": "IMG_20230422_193239.jpg", "annotations": [{"label": "fingerprint", "coordinates": {"x": 1640.9074074074078, "y": 1881.7962962962965, "width": 403.0, "height": 203.0}}, {"label": "fingerprint", "coordinates": {"x": 2977.907407407408, "y": 2268.7962962962965, "width": 307.0, "height": 237.0}}, {"label": "fingerprint", "coordinates": {"x": 3226.407407407408, "y": 2485.2962962962965, "width": 396.0, "height": 218.0}}, {"label": "fingerprint", "coordinates": {"x": 3095.407407407408, "y": 2799.7962962962965, "width": 378.0, "height": 107.0}}, {"label": "fingerprint", "coordinates": {"x": 2707.907407407408, "y": 3142.7962962962965, "width": 389.0, "height": 185.0}}]}]