[{"image": "IMG_20230422_193506.jpg", "annotations": [{"label": "fingerprint", "coordinates": {"x": 1744.4074074074078, "y": 1737.2962962962965, "width": 344.0, "height": 352.0}}, {"label": "fingerprint", "coordinates": {"x": 507.40740740740785, "y": 2350.2962962962965, "width": 322.0, "height": 230.0}}, {"label": "fingerprint", "coordinates": {"x": 264.90740740740785, "y": 2600.2962962962965, "width": 333.0, "height": 234.0}}, {"label": "fingerprint", "coordinates": {"x": 425.90740740740785, "y": 2848.2962962962965, "width": 337.0, "height": 234.0}}, {"label": "fingerprint", "coordinates": {"x": 879.9074074074078, "y": 3089.2962962962965, "width": 289.0, "height": 226.0}}]}]