[{"image": "IMG_20230422_194513.jpg", "annotations": [{"label": "fingerprint", "coordinates": {"x": 531.4074074074078, "y": 2372.2962962962965, "width": 496.0, "height": 274.0}}, {"label": "fingerprint", "coordinates": {"x": 1422.4074074074078, "y": 1164.7962962962965, "width": 308.0, "height": 363.0000000000001}}, {"label": "fingerprint", "coordinates": {"x": 1951.9074074074078, "y": 1063.2962962962965, "width": 293.0, "height": 418.0000000000001}}, {"label": "fingerprint", "coordinates": {"x": 2450.407407407408, "y": 1352.2962962962965, "width": 208.0, "height": 396.0}}, {"label": "fingerprint", "coordinates": {"x": 2899.907407407408, "y": 2018.7962962962965, "width": 189.0, "height": 463.0}}]}]