[{"image": "IMG_20230422_194323.jpg", "annotations": [{"label": "fingerprint", "coordinates": {"x": 499.90740740740785, "y": 1837.2962962962965, "width": 463.0, "height": 434.0}}, {"label": "fingerprint", "coordinates": {"x": 2259.407407407408, "y": 1363.2962962962965, "width": 122.0, "height": 314.0}}, {"label": "fingerprint", "coordinates": {"x": 2588.907407407408, "y": 1542.7962962962965, "width": 263.0, "height": 355.0}}, {"label": "fingerprint", "coordinates": {"x": 2833.407407407408, "y": 2054.2962962962965, "width": 352.0, "height": 326.0}}, {"label": "fingerprint", "coordinates": {"x": 2772.407407407408, "y": 2691.2962962962965, "width": 400.0, "height": 296.0}}]}]