[{"image": "IMG_20230422_193327.jpg", "annotations": [{"label": "fingerprint", "coordinates": {"x": 1909.4074074074078, "y": 2283.2962962962965, "width": 526.0, "height": 178.0}}, {"label": "fingerprint", "coordinates": {"x": 561.4074074074078, "y": 2615.2962962962965, "width": 392.0, "height": 278.0}}, {"label": "fingerprint", "coordinates": {"x": 307.40740740740785, "y": 2878.2962962962965, "width": 396.0, "height": 278.0}}, {"label": "fingerprint", "coordinates": {"x": 361.40740740740785, "y": 3209.2962962962965, "width": 452.0, "height": 252.0}}, {"label": "fingerprint", "coordinates": {"x": 827.9074074074078, "y": 3455.7962962962965, "width": 371.0, "height": 329.0}}]}]