[{"image": "IMG_20230422_194723__01.jpg", "annotations": [{"label": "fingerprint", "coordinates": {"x": 372.40740740740785, "y": 1803.7962962962965, "width": 288.0, "height": 537.0}}, {"label": "fingerprint", "coordinates": {"x": 1155.4074074074078, "y": 3216.7962962962965, "width": 278.0, "height": 511.0}}, {"label": "fingerprint", "coordinates": {"x": 1913.4074074074078, "y": 3374.7962962962965, "width": 348.0, "height": 463.0}}, {"label": "fingerprint", "coordinates": {"x": 2518.907407407408, "y": 3040.7962962962965, "width": 441.0, "height": 441.0}}, {"label": "fingerprint", "coordinates": {"x": 3085.407407407408, "y": 2206.2962962962965, "width": 426.0, "height": 326.0}}]}]