[{"image": "IMG_20230422_194640.jpg", "annotations": [{"label": "fingerprint", "coordinates": {"x": 2442.907407407408, "y": 909.7962962962965, "width": 245.0, "height": 333.0000000000001}}, {"label": "fingerprint", "coordinates": {"x": 814.9074074074078, "y": 1526.2962962962965, "width": 359.0, "height": 240.0}}, {"label": "fingerprint", "coordinates": {"x": 511.40740740740785, "y": 2048.2962962962965, "width": 418.0, "height": 218.0}}, {"label": "fingerprint", "coordinates": {"x": 610.9074074074078, "y": 2537.2962962962965, "width": 463.0, "height": 218.0}}, {"label": "fingerprint", "coordinates": {"x": 1027.9074074074078, "y": 3142.7962962962965, "width": 333.0, "height": 289.0}}]}]