[{"image": "IMG_20230422_194648__01.jpg", "annotations": [{"label": "fingerprint", "coordinates": {"x": 2026.5555555555552, "y": 501.72222222222206, "width": 550.0, "height": 272.00000000000006}}, {"label": "fingerprint", "coordinates": {"x": 725.0555555555553, "y": 1357.222222222222, "width": 481.0, "height": 305.0}}, {"label": "fingerprint", "coordinates": {"x": 647.0555555555553, "y": 2198.722222222222, "width": 513.0, "height": 244.0}}, {"label": "fingerprint", "coordinates": {"x": 963.5555555555552, "y": 2592.222222222222, "width": 569.9999999999999, "height": 175.0}}, {"label": "fingerprint", "coordinates": {"x": 1745.5555555555552, "y": 3102.722222222222, "width": 294.0, "height": 436.0}}]}]