[{"image": "IMG_20230422_194723.jpg", "annotations": [{"label": "fingerprint", "coordinates": {"x": 377.90740740740785, "y": 2385.7962962962965, "width": 433.0, "height": 367.0}}, {"label": "fingerprint", "coordinates": {"x": 987.4074074074078, "y": 1570.7962962962965, "width": 392.0, "height": 389.0}}, {"label": "fingerprint", "coordinates": {"x": 1561.4074074074078, "y": 1209.2962962962965, "width": 326.0, "height": 452.0000000000001}}, {"label": "fingerprint", "coordinates": {"x": 2340.907407407408, "y": 1381.7962962962965, "width": 345.0, "height": 455.0}}, {"label": "fingerprint", "coordinates": {"x": 3118.907407407408, "y": 2855.7962962962965, "width": 285.0, "height": 567.0}}]}]