[{"image": "IMG_20230422_193239(1).jpg", "annotations": [{"label": "fingerprint", "coordinates": {"x": 1651.9074074074078, "y": 1920.7962962962965, "width": 463.0, "height": 237.0}}, {"label": "fingerprint", "coordinates": {"x": 2949.907407407408, "y": 2281.7962962962965, "width": 341.0, "height": 263.0}}, {"label": "fingerprint", "coordinates": {"x": 3205.907407407408, "y": 2476.2962962962965, "width": 311.0, "height": 230.0}}, {"label": "fingerprint", "coordinates": {"x": 3085.407407407408, "y": 2779.7962962962965, "width": 440.0, "height": 215.0}}, {"label": "fingerprint", "coordinates": {"x": 2711.407407407408, "y": 3144.2962962962965, "width": 404.0, "height": 174.0}}]}]