[{"image": "IMG_20230422_193408.jpg", "annotations": [{"label": "fingerprint", "coordinates": {"x": 1079.9074074074078, "y": 2074.2962962962965, "width": 149.0, "height": 508.0}}, {"label": "fingerprint", "coordinates": {"x": 1512.9074074074078, "y": 657.7962962962964, "width": 207.0, "height": 414.99999999999994}}, {"label": "fingerprint", "coordinates": {"x": 1798.4074074074078, "y": 453.7962962962964, "width": 304.0, "height": 407.0}}, {"label": "fingerprint", "coordinates": {"x": 2146.407407407408, "y": 704.2962962962965, "width": 282.0, "height": 530.0}}, {"label": "fingerprint", "coordinates": {"x": 2464.907407407408, "y": 1298.2962962962965, "width": 355.0, "height": 466.0}}]}]