[{"image": "IMG_20230422_193222__02.jpg", "annotations": [{"label": "fingerprint", "coordinates": {"x": 1083.9074074074078, "y": 2874.2962962962965, "width": 341.0, "height": 544.0}}, {"label": "fingerprint", "coordinates": {"x": 1468.9074074074078, "y": 3553.7962962962965, "width": 371.0, "height": 533.0}}, {"label": "fingerprint", "coordinates": {"x": 1916.9074074074078, "y": 3843.2962962962965, "width": 393.0, "height": 526.0}}, {"label": "fingerprint", "coordinates": {"x": 2187.407407407408, "y": 3624.2962962962965, "width": 356.0, "height": 466.0}}, {"label": "fingerprint", "coordinates": {"x": 2676.407407407408, "y": 2246.7962962962965, "width": 496.0, "height": 415.0}}]}]