[{"image": "IMG_20230422_193222__01.jpg", "annotations": [{"label": "fingerprint", "coordinates": {"x": 584.5, "y": 1911.5625, "width": 363.0, "height": 437.0}}, {"label": "fingerprint", "coordinates": {"x": 1198.5, "y": 594.0625, "width": 235.0, "height": 428.0}}, {"label": "fingerprint", "coordinates": {"x": 1503.0, "y": 455.0625, "width": 306.0, "height": 518.0}}, {"label": "fingerprint", "coordinates": {"x": 1923.5, "y": 786.5625, "width": 259.0, "height": 519.0}}, {"label": "fingerprint", "coordinates": {"x": 2212.5, "y": 1488.0625, "width": 287.0, "height": 484.0}}]}]