[{"image": "IMG_20230422_193506(1).jpg", "annotations": [{"label": "fingerprint", "coordinates": {"x": 1735.4074074074078, "y": 1768.7962962962965, "width": 312.0, "height": 349.0}}, {"label": "fingerprint", "coordinates": {"x": 505.90740740740785, "y": 2354.2962962962965, "width": 289.0, "height": 200.0}}, {"label": "fingerprint", "coordinates": {"x": 266.90740740740785, "y": 2600.2962962962965, "width": 351.0, "height": 188.0}}, {"label": "fingerprint", "coordinates": {"x": 435.40740740740785, "y": 2837.2962962962965, "width": 362.0, "height": 226.0}}, {"label": "fingerprint", "coordinates": {"x": 885.4074074074078, "y": 3076.2962962962965, "width": 308.0, "height": 222.0}}]}]